{
  "Sale": {
    "height": 64,
    "pixelRatio": 1,
    "width": 64,
    "x": 256,
    "y": 0
  },
  "arrow": {
    "height": 50,
    "pixelRatio": 1,
    "width": 50,
    "x": 384,
    "y": 384
  },
  "atm": {
    "height": 64,
    "pixelRatio": 1,
    "width": 64,
    "x": 320,
    "y": 0
  },
  "beast": {
    "height": 64,
    "pixelRatio": 1,
    "width": 64,
    "x": 384,
    "y": 0
  },
  "bus": {
    "height": 64,
    "pixelRatio": 1,
    "width": 64,
    "x": 448,
    "y": 0
  },
  "coffee": {
    "height": 64,
    "pixelRatio": 1,
    "width": 64,
    "x": 0,
    "y": 256
  },
  "data": {
    "height": 64,
    "pixelRatio": 1,
    "width": 64,
    "x": 64,
    "y": 256
  },
  "door": {
    "height": 64,
    "pixelRatio": 1,
    "width": 64,
    "x": 128,
    "y": 256
  },
  "exit": {
    "height": 32,
    "pixelRatio": 1,
    "width": 32,
    "x": 434,
    "y": 384
  },
  "exit_arrow": {
    "height": 32,
    "pixelRatio": 1,
    "width": 32,
    "x": 466,
    "y": 384
  },
  "food": {
    "height": 64,
    "pixelRatio": 1,
    "width": 64,
    "x": 192,
    "y": 256
  },
  "foundation": {
    "height": 64,
    "pixelRatio": 1,
    "width": 64,
    "x": 256,
    "y": 256
  },
  "hospital": {
    "height": 64,
    "pixelRatio": 1,
    "width": 64,
    "x": 320,
    "y": 256
  },
  "house": {
    "height": 64,
    "pixelRatio": 1,
    "width": 64,
    "x": 384,
    "y": 256
  },
  "kitchen": {
    "height": 64,
    "pixelRatio": 1,
    "width": 64,
    "x": 448,
    "y": 256
  },
  "landscape": {
    "height": 64,
    "pixelRatio": 1,
    "width": 64,
    "x": 0,
    "y": 320
  },
  "littlepanda": {
    "height": 64,
    "pixelRatio": 1,
    "width": 64,
    "x": 64,
    "y": 320
  },
  "littlepanda1": {
    "height": 64,
    "pixelRatio": 1,
    "width": 64,
    "x": 128,
    "y": 320
  },
  "panda": {
    "height": 64,
    "pixelRatio": 1,
    "width": 64,
    "x": 192,
    "y": 320
  },
  "panda1": {
    "height": 64,
    "pixelRatio": 1,
    "width": 64,
    "x": 256,
    "y": 320
  },
  "panda2": {
    "height": 64,
    "pixelRatio": 1,
    "width": 64,
    "x": 320,
    "y": 320
  },
  "panda3": {
    "height": 64,
    "pixelRatio": 1,
    "width": 64,
    "x": 384,
    "y": 320
  },
  "pandahouse": {
    "height": 64,
    "pixelRatio": 1,
    "width": 64,
    "x": 448,
    "y": 320
  },
  "pandaphoto": {
    "height": 64,
    "pixelRatio": 1,
    "width": 64,
    "x": 0,
    "y": 384
  },
  "parking": {
    "height": 64,
    "pixelRatio": 1,
    "width": 64,
    "x": 64,
    "y": 384
  },
  "swan": {
    "height": 64,
    "pixelRatio": 1,
    "width": 64,
    "x": 128,
    "y": 384
  },
  "theater": {
    "height": 64,
    "pixelRatio": 1,
    "width": 64,
    "x": 192,
    "y": 384
  },
  "toilet": {
    "height": 64,
    "pixelRatio": 1,
    "width": 64,
    "x": 256,
    "y": 384
  },
  "tourcar": {
    "height": 256,
    "pixelRatio": 1,
    "width": 256,
    "x": 0,
    "y": 0
  },
  "wild": {
    "height": 64,
    "pixelRatio": 1,
    "width": 64,
    "x": 320,
    "y": 384
  }
}