{
  "Sale": {
    "height": 128,
    "pixelRatio": 2,
    "width": 128,
    "x": 512,
    "y": 0
  },
  "arrow": {
    "height": 100,
    "pixelRatio": 2,
    "width": 100,
    "x": 768,
    "y": 768
  },
  "atm": {
    "height": 128,
    "pixelRatio": 2,
    "width": 128,
    "x": 640,
    "y": 0
  },
  "beast": {
    "height": 128,
    "pixelRatio": 2,
    "width": 128,
    "x": 768,
    "y": 0
  },
  "bus": {
    "height": 128,
    "pixelRatio": 2,
    "width": 128,
    "x": 896,
    "y": 0
  },
  "coffee": {
    "height": 128,
    "pixelRatio": 2,
    "width": 128,
    "x": 0,
    "y": 512
  },
  "data": {
    "height": 128,
    "pixelRatio": 2,
    "width": 128,
    "x": 128,
    "y": 512
  },
  "door": {
    "height": 128,
    "pixelRatio": 2,
    "width": 128,
    "x": 256,
    "y": 512
  },
  "exit": {
    "height": 64,
    "pixelRatio": 2,
    "width": 64,
    "x": 868,
    "y": 768
  },
  "exit_arrow": {
    "height": 64,
    "pixelRatio": 2,
    "width": 64,
    "x": 932,
    "y": 768
  },
  "food": {
    "height": 128,
    "pixelRatio": 2,
    "width": 128,
    "x": 384,
    "y": 512
  },
  "foundation": {
    "height": 128,
    "pixelRatio": 2,
    "width": 128,
    "x": 512,
    "y": 512
  },
  "hospital": {
    "height": 128,
    "pixelRatio": 2,
    "width": 128,
    "x": 640,
    "y": 512
  },
  "house": {
    "height": 128,
    "pixelRatio": 2,
    "width": 128,
    "x": 768,
    "y": 512
  },
  "kitchen": {
    "height": 128,
    "pixelRatio": 2,
    "width": 128,
    "x": 896,
    "y": 512
  },
  "landscape": {
    "height": 128,
    "pixelRatio": 2,
    "width": 128,
    "x": 0,
    "y": 640
  },
  "littlepanda": {
    "height": 128,
    "pixelRatio": 2,
    "width": 128,
    "x": 128,
    "y": 640
  },
  "littlepanda1": {
    "height": 128,
    "pixelRatio": 2,
    "width": 128,
    "x": 256,
    "y": 640
  },
  "panda": {
    "height": 128,
    "pixelRatio": 2,
    "width": 128,
    "x": 384,
    "y": 640
  },
  "panda1": {
    "height": 128,
    "pixelRatio": 2,
    "width": 128,
    "x": 512,
    "y": 640
  },
  "panda2": {
    "height": 128,
    "pixelRatio": 2,
    "width": 128,
    "x": 640,
    "y": 640
  },
  "panda3": {
    "height": 128,
    "pixelRatio": 2,
    "width": 128,
    "x": 768,
    "y": 640
  },
  "pandahouse": {
    "height": 128,
    "pixelRatio": 2,
    "width": 128,
    "x": 896,
    "y": 640
  },
  "pandaphoto": {
    "height": 128,
    "pixelRatio": 2,
    "width": 128,
    "x": 0,
    "y": 768
  },
  "parking": {
    "height": 128,
    "pixelRatio": 2,
    "width": 128,
    "x": 128,
    "y": 768
  },
  "swan": {
    "height": 128,
    "pixelRatio": 2,
    "width": 128,
    "x": 256,
    "y": 768
  },
  "theater": {
    "height": 128,
    "pixelRatio": 2,
    "width": 128,
    "x": 384,
    "y": 768
  },
  "toilet": {
    "height": 128,
    "pixelRatio": 2,
    "width": 128,
    "x": 512,
    "y": 768
  },
  "tourcar": {
    "height": 512,
    "pixelRatio": 2,
    "width": 512,
    "x": 0,
    "y": 0
  },
  "wild": {
    "height": 128,
    "pixelRatio": 2,
    "width": 128,
    "x": 640,
    "y": 768
  }
}